Nom Commune;Code Postal;Département
ALLINEUC;22001;22
ANDEL;22002;22
AUCALEUC;22003;22
BEGARD;22004;22
BELLE-ISLE-EN-TERRE;22005;22
BERHET;22006;22
BOBITAL;22008;22
LE BODEO;22009;22
BOQUEHO;22011;22
LA BOUILLIE;22012;22
BOURBRIAC;22013;22
BOURSEUL;22014;22
BREHAND;22015;22
ILE-DE-BREHAT;22016;22
BRELIDY;22018;22
BRINGOLO;22019;22
BROONS;22020;22
BRUSVILY;22021;22
BULAT-PESTIVIEN;22023;22
CALANHEL;22024;22
CALLAC;22025;22
CALORGUEN;22026;22
LE CAMBOUT;22027;22
CAMLEZ;22028;22
CANIHUEL;22029;22
CAOUENNEC-LANVEZEAC;22030;22
CARNOET;22031;22
CAULNES;22032;22
CAUREL;22033;22
CAVAN;22034;22
LES CHAMPS-GERAUX;22035;22
LA CHAPELLE-BLANCHE;22036;22
LA CHAPELLE-NEUVE;22037;22
LA CHEZE;22039;22
COADOUT;22040;22
COATASCORN;22041;22
COATREVEN;22042;22
COETLOGON;22043;22
COETMIEUX;22044;22
COHINIAC;22045;22
LE MENE;22046;22
CORLAY;22047;22
CORSEUL;22048;22
CREHEN;22049;22
DINAN;22050;22
DUAULT;22052;22
EREAC;22053;22
ERQUY;22054;22
BINIC-ETABLES-SUR-MER;22055;22
EVRAN;22056;22
LE FAOUET;22057;22
LE FÅ’IL;22059;22
GAUSSON;22060;22
GLOMEL;22061;22
GOMENE;22062;22
GOMMENEC'H;22063;22
GOUAREC;22064;22
GOUDELIN;22065;22
GRACES;22067;22
GRACE-UZEL;22068;22
GUENROC;22069;22
GUINGAMP;22070;22
GUITTE;22071;22
GURUNHUEL;22072;22
LA HARMOYE;22073;22
LE HAUT-CORLAY;22074;22
HEMONSTOIR;22075;22
HENANBIHEN;22076;22
HENANSAL;22077;22
HENON;22079;22
HILLION;22081;22
LE HINGLE;22082;22
ILLIFAUT;22083;22
JUGON-LES-LACS - COMMUNE NOUVELLE;22084;22
KERBORS;22085;22
KERFOT;22086;22
KERGRIST-MOELOU;22087;22
KERIEN;22088;22
KERMARIA-SULARD;22090;22
KERMOROC'H;22091;22
KERPERT;22092;22
LAMBALLE-ARMOR;22093;22
LANCIEUX;22094;22
LANDEBAERON;22095;22
LANDEBIA;22096;22
LA LANDEC;22097;22
LANDEHEN;22098;22
LANFAINS;22099;22
LANGOAT;22101;22
LANGROLAY-SUR-RANCE;22103;22
LANGUEDIAS;22104;22
LANGUENAN;22105;22
LANGUEUX;22106;22
BON REPOS SUR BLAVET;22107;22
LANLEFF;22108;22
LANLOUP;22109;22
LANMERIN;22110;22
LANMODEZ;22111;22
LANNEBERT;22112;22
LANNION;22113;22
LANRELAS;22114;22
LANRIVAIN;22115;22
LANRODEC;22116;22
LANTIC;22117;22
LANVALLAY;22118;22
LANVELLEC;22119;22
LANVOLLON;22121;22
LAURENAN;22122;22
LESCOUET-GOUAREC;22124;22
LE LESLAY;22126;22
LEZARDRIEUX;22127;22
LOCARN;22128;22
LOC-ENVEL;22129;22
LOGUIVY-PLOUGRAS;22131;22
LOHUEC;22132;22
LOSCOUET-SUR-MEU;22133;22
LOUANNEC;22134;22
LOUARGAT;22135;22
LOUDEAC;22136;22
MAEL-CARHAIX;22137;22
MAEL-PESTIVIEN;22138;22
MAGOAR;22139;22
LA MALHOURE;22140;22
MANTALLOT;22141;22
MATIGNON;22143;22
LA MEAUGON;22144;22
MEGRIT;22145;22
MELLIONNEC;22146;22
MERDRIGNAC;22147;22
MERILLAC;22148;22
MERLEAC;22149;22
LE MERZER;22150;22
MINIHY-TREGUIER;22152;22
MONCONTOUR;22153;22
LA MOTTE;22155;22
MOUSTERU;22156;22
LE MOUSTOIR;22157;22
GUERLEDAN;22158;22
NOYAL;22160;22
PABU;22161;22
PAIMPOL;22162;22
PAULE;22163;22
PEDERNEC;22164;22
PENGUILY;22165;22
PENVENAN;22166;22
PERROS-GUIREC;22168;22
PEUMERIT-QUINTIN;22169;22
PLAINE-HAUTE;22170;22
PLAINTEL;22171;22
PLANCOET;22172;22
PLEBOULLE;22174;22
PLEDELIAC;22175;22
PLEDRAN;22176;22
PLEGUIEN;22177;22
PLEHEDEL;22178;22
FREHEL;22179;22
PLELAN-LE-PETIT;22180;22
PLELAUFF;22181;22
PLELO;22182;22
PLEMET;22183;22
PLEMY;22184;22
PLENEE-JUGON;22185;22
PLENEUF-VAL-ANDRE;22186;22
PLERIN;22187;22
PLERNEUF;22188;22
PLESIDY;22189;22
PLESLIN-TRIGAVOU;22190;22
PLESTAN;22193;22
PLESTIN-LES-GREVES;22194;22
PLEUBIAN;22195;22
PLEUDANIEL;22196;22
PLEUDIHEN-SUR-RANCE;22197;22
PLEUMEUR-BODOU;22198;22
PLEUMEUR-GAUTIER;22199;22
PLEVEN;22200;22
PLEVENON;22201;22
PLEVIN;22202;22
PLÅ’UC-L'HERMITAGE;22203;22
PLOEZAL;22204;22
PLOREC-SUR-ARGUENON;22205;22
CHATELAUDREN-PLOUAGAT;22206;22
PLOUARET;22207;22
PLOUASNE;22208;22
BEAUSSAIS-SUR-MER;22209;22
PLOUBAZLANEC;22210;22
PLOUBEZRE;22211;22
PLOUEC-DU-TRIEUX;22212;22
PLOUER-SUR-RANCE;22213;22
PLOUEZEC;22214;22
PLOUFRAGAN;22215;22
PLOUGONVER;22216;22
PLOUGRAS;22217;22
PLOUGRESCANT;22218;22
PLOUGUENAST-LANGAST;22219;22
PLOUGUERNEVEL;22220;22
PLOUGUIEL;22221;22
PLOUHA;22222;22
PLOUISY;22223;22
PLOULEC'H;22224;22
PLOUMAGOAR;22225;22
PLOUMILLIAU;22226;22
PLOUNERIN;22227;22
PLOUNEVEZ-MOEDEC;22228;22
PLOUNEVEZ-QUINTIN;22229;22
PLOURAC'H;22231;22
PLOURHAN;22232;22
PLOURIVO;22233;22
PLOUVARA;22234;22
PLOUZELAMBRE;22235;22
PLUDUAL;22236;22
PLUDUNO;22237;22
PLUFUR;22238;22
PLUMAUDAN;22239;22
PLUMAUGAT;22240;22
PLUMIEUX;22241;22
PLURIEN;22242;22
PLUSQUELLEC;22243;22
PLUSSULIEN;22244;22
PLUZUNET;22245;22
POMMERET;22246;22
POMMERIT-LE-VICOMTE;22248;22
PONT-MELVEZ;22249;22
PONTRIEUX;22250;22
PORDIC;22251;22
PRAT;22254;22
LA PRENESSAYE;22255;22
QUEMPER-GUEZENNEC;22256;22
QUEMPERVEN;22257;22
QUESSOY;22258;22
QUEVERT;22259;22
LE QUILLIO;22260;22
QUINTENIC;22261;22
QUINTIN;22262;22
LE QUIOU;22263;22
LA ROCHE-JAUDY;22264;22
ROSPEZ;22265;22
ROSTRENEN;22266;22
ROUILLAC;22267;22
RUCA;22268;22
RUNAN;22269;22
SAINT-ADRIEN;22271;22
SAINT-AGATHON;22272;22
SAINT-ALBAN;22273;22
SAINT-ANDRE-DES-EAUX;22274;22
SAINT-BARNABE;22275;22
SAINT-BIHY;22276;22
SAINT-BRANDAN;22277;22
SAINT-BRIEUC;22278;22
SAINT-CARADEC;22279;22
SAINT-CARNE;22280;22
SAINT-CARREUC;22281;22
SAINT-CAST-LE-GUILDO;22282;22
SAINT-CLET;22283;22
SAINT-CONNAN;22284;22
SAINT-CONNEC;22285;22
SAINT-DENOUAL;22286;22
SAINT-DONAN;22287;22
SAINT-ETIENNE-DU-GUE-DE-L'ISLE;22288;22
SAINT-FIACRE;22289;22
SAINT-GILDAS;22291;22
SAINT-GILLES-LES-BOIS;22293;22
SAINT-GILLES-PLIGEAUX;22294;22
SAINT-GILLES-VIEUX-MARCHE;22295;22
SAINT-GLEN;22296;22
SAINT-HELEN;22299;22
SAINT-HERVE;22300;22
SAINT-JACUT-DE-LA-MER;22302;22
SAINT-JEAN-KERDANIEL;22304;22
SAINT-JOUAN-DE-L'ISLE;22305;22
SAINT-JUDOCE;22306;22
SAINT-JULIEN;22307;22
SAINT-JUVAT;22308;22
SAINT-LAUNEUC;22309;22
SAINT-LAURENT;22310;22
SAINT-LORMEL;22311;22
SAINT-MADEN;22312;22
SAINT-MARTIN-DES-PRES;22313;22
SAINT-MAUDAN;22314;22
SAINT-MAUDEZ;22315;22
SAINT-MAYEUX;22316;22
SAINT-MELOIR-DES-BOIS;22317;22
SAINT-MICHEL-DE-PLELAN;22318;22
SAINT-MICHEL-EN-GREVE;22319;22
SAINT-NICODEME;22320;22
SAINT-NICOLAS-DU-PELEM;22321;22
SAINT-PEVER;22322;22
SAINT-POTAN;22323;22
SAINT-QUAY-PERROS;22324;22
SAINT-QUAY-PORTRIEUX;22325;22
SAINT-RIEUL;22326;22
SAINT-SAMSON-SUR-RANCE;22327;22
SAINT-SERVAIS;22328;22
SAINT-THELO;22330;22
SAINTE-TREPHINE;22331;22
SAINT-TRIMOEL;22332;22
SAINT-VRAN;22333;22
SAINT-IGEAUX;22334;22
SENVEN-LEHART;22335;22
SEVIGNAC;22337;22
SQUIFFIEC;22338;22
TADEN;22339;22
TONQUEDEC;22340;22
TRAMAIN;22341;22
TREBEDAN;22342;22
TREBEURDEN;22343;22
TREBRIVAN;22344;22
TREBRY;22345;22
TREDANIEL;22346;22
TREDARZEC;22347;22
TREDIAS;22348;22
TREDREZ-LOCQUEMEAU;22349;22
TREDUDER;22350;22
TREFFRIN;22351;22
TREFUMEL;22352;22
TREGASTEL;22353;22
TREGLAMUS;22354;22
TREGOMEUR;22356;22
TREGONNEAU;22358;22
TREGROM;22359;22
TREGUEUX;22360;22
TREGUIDEL;22361;22
TREGUIER;22362;22
TRELEVERN;22363;22
TRELIVAN;22364;22
TREMARGAT;22365;22
TREMEL;22366;22
TREMEREUC;22368;22
TREMEUR;22369;22
TREMEVEN;22370;22
TREMOREL;22371;22
TREMUSON;22372;22
TREOGAN;22373;22
TRESSIGNAUX;22375;22
TREVE;22376;22
TREVENEUC;22377;22
TREVEREC;22378;22
TREVOU-TREGUIGNEC;22379;22
TREVRON;22380;22
TREZENY;22381;22
TROGUERY;22383;22
UZEL;22384;22
LA VICOMTE-SUR-RANCE;22385;22
LE VIEUX-BOURG;22386;22
LE VIEUX-MARCHE;22387;22
VILDE-GUINGALAN;22388;22
YFFINIAC;22389;22
YVIAS;22390;22
YVIGNAC-LA-TOUR;22391;22
ARGOL;29001;29
ARZANO;29002;29
AUDIERNE;29003;29
BANNALEC;29004;29
BAYE;29005;29
BENODET;29006;29
BERRIEN;29007;29
BEUZEC-CAP-SIZUN;29008;29
BODILIS;29010;29
BOHARS;29011;29
BOLAZEC;29012;29
BOTMEUR;29013;29
BOTSORHEL;29014;29
BOURG-BLANC;29015;29
BRASPARTS;29016;29
BRELES;29017;29
BRENNILIS;29018;29
BREST;29019;29
BRIEC;29020;29
PLOUNEOUR-BRIGNOGAN-PLAGES;29021;29
CAMARET-SUR-MER;29022;29
CARANTEC;29023;29
CARHAIX-PLOUGUER;29024;29
CAST;29025;29
CHATEAULIN;29026;29
CHATEAUNEUF-DU-FAOU;29027;29
CLEDEN-CAP-SIZUN;29028;29
CLEDEN-POHER;29029;29
CLEDER;29030;29
CLOHARS-CARNOET;29031;29
CLOHARS-FOUESNANT;29032;29
LE CLOITRE-PLEYBEN;29033;29
LE CLOITRE-SAINT-THEGONNEC;29034;29
COAT-MEAL;29035;29
COLLOREC;29036;29
COMBRIT;29037;29
COMMANA;29038;29
CONCARNEAU;29039;29
LE CONQUET;29040;29
CORAY;29041;29
CROZON;29042;29
DAOULAS;29043;29
DINEAULT;29044;29
DIRINON;29045;29
DOUARNENEZ;29046;29
LE DRENNEC;29047;29
EDERN;29048;29
ELLIANT;29049;29
ERGUE-GABERIC;29051;29
LE FAOU;29053;29
LA FEUILLEE;29054;29
LE FOLGOET;29055;29
LA FOREST-LANDERNEAU;29056;29
LA FORET-FOUESNANT;29057;29
FOUESNANT;29058;29
GARLAN;29059;29
GOUESNACH;29060;29
GOUESNOU;29061;29
GOUEZEC;29062;29
GOULIEN;29063;29
GOULVEN;29064;29
GOURLIZON;29065;29
GUENGAT;29066;29
GUERLESQUIN;29067;29
GUICLAN;29068;29
GUILERS;29069;29
GUILER-SUR-GOYEN;29070;29
GUILLIGOMARC'H;29071;29
GUILVINEC;29072;29
GUIMAEC;29073;29
GUIMILIAU;29074;29
GUIPAVAS;29075;29
MILIZAC-GUIPRONVEL;29076;29
GUISSENY;29077;29
HANVEC;29078;29
HENVIC;29079;29
HOPITAL-CAMFROUT;29080;29
HUELGOAT;29081;29
ILE-DE-BATZ;29082;29
ILE-DE-SEIN;29083;29
ILE-MOLENE;29084;29
ILE-TUDY;29085;29
IRVILLAC;29086;29
LE JUCH;29087;29
KERGLOFF;29089;29
KERLAZ;29090;29
KERLOUAN;29091;29
KERNILIS;29093;29
KERNOUES;29094;29
KERSAINT-PLABENNEC;29095;29
LAMPAUL-GUIMILIAU;29097;29
LAMPAUL-PLOUARZEL;29098;29
LAMPAUL-PLOUDALMEZEAU;29099;29
LANARVILY;29100;29
LANDEDA;29101;29
LANDELEAU;29102;29
LANDERNEAU;29103;29
LANDEVENNEC;29104;29
LANDIVISIAU;29105;29
LANDREVARZEC;29106;29
LANDUDAL;29107;29
LANDUDEC;29108;29
LANDUNVEZ;29109;29
LANGOLEN;29110;29
LANHOUARNEAU;29111;29
LANILDUT;29112;29
LANMEUR;29113;29
LANNEANOU;29114;29
LANNEDERN;29115;29
LANNEUFFRET;29116;29
LANNILIS;29117;29
LANRIVOARE;29119;29
LANVEOC;29120;29
LAZ;29122;29
LENNON;29123;29
LESNEVEN;29124;29
LEUHAN;29125;29
LOC-BREVALAIRE;29126;29
LOC-EGUINER;29128;29
LOCMARIA-PLOUZANE;29130;29
LOCMELAR;29131;29
LOCQUENOLE;29132;29
LOCQUIREC;29133;29
LOCRONAN;29134;29
LOCTUDY;29135;29
LOCUNOLE;29136;29
LOGONNA-DAOULAS;29137;29
LOPEREC;29139;29
LOPERHET;29140;29
LOQUEFFRET;29141;29
LOTHEY;29142;29
MAHALON;29143;29
LA MARTYRE;29144;29
CONFORT-MEILARS;29145;29
MELGVEN;29146;29
MELLAC;29147;29
MESPAUL;29148;29
MOELAN-SUR-MER;29150;29
MORLAIX;29151;29
MOTREFF;29152;29
NEVEZ;29153;29
OUESSANT;29155;29
PENCRAN;29156;29
PENMARCH;29158;29
PEUMERIT;29159;29
PLABENNEC;29160;29
PLEUVEN;29161;29
PLEYBEN;29162;29
PLEYBER-CHRIST;29163;29
PLOBANNALEC-LESCONIL;29165;29
PLOEVEN;29166;29
PLOGASTEL-SAINT-GERMAIN;29167;29
PLOGOFF;29168;29
PLOGONNEC;29169;29
PLOMELIN;29170;29
PLOMEUR;29171;29
PLOMODIERN;29172;29
PLONEIS;29173;29
PLONEOUR-LANVERN;29174;29
PLONEVEZ-DU-FAOU;29175;29
PLONEVEZ-PORZAY;29176;29
PLOUARZEL;29177;29
PLOUDALMEZEAU;29178;29
PLOUDANIEL;29179;29
PLOUDIRY;29180;29
PLOUEDERN;29181;29
PLOUEGAT-GUERAND;29182;29
PLOUEGAT-MOYSAN;29183;29
PLOUENAN;29184;29
PLOUESCAT;29185;29
PLOUEZOC'H;29186;29
PLOUGAR;29187;29
PLOUGASNOU;29188;29
PLOUGASTEL-DAOULAS;29189;29
PLOUGONVELIN;29190;29
PLOUGONVEN;29191;29
PLOUGOULM;29192;29
PLOUGOURVEST;29193;29
PLOUGUERNEAU;29195;29
PLOUGUIN;29196;29
PLOUHINEC;29197;29
PLOUIDER;29198;29
PLOUIGNEAU;29199;29
PLOUMOGUER;29201;29
PLOUNEOUR-MENEZ;29202;29
PLOUNEVENTER;29204;29
PLOUNEVEZEL;29205;29
PLOUNEVEZ-LOCHRIST;29206;29
PLOURIN-LES-MORLAIX;29207;29
PLOURIN;29208;29
PLOUVIEN;29209;29
PLOUVORN;29210;29
PLOUYE;29211;29
PLOUZANE;29212;29
PLOUZEVEDE;29213;29
PLOVAN;29214;29
PLOZEVET;29215;29
PLUGUFFAN;29216;29
PONT-AVEN;29217;29
PONT-CROIX;29218;29
PONT-L'ABBE;29220;29
PORSPODER;29221;29
PORT-LAUNAY;29222;29
POULDERGAT;29224;29
POULDREUZIC;29225;29
POULLAN-SUR-MER;29226;29
POULLAOUEN;29227;29
PRIMELIN;29228;29
QUEMENEVEN;29229;29
QUERRIEN;29230;29
QUIMPER;29232;29
QUIMPERLE;29233;29
REDENE;29234;29
LE RELECQ-KERHUON;29235;29
RIEC-SUR-BELON;29236;29
LA ROCHE-MAURICE;29237;29
ROSCANVEL;29238;29
ROSCOFF;29239;29
ROSNOEN;29240;29
ROSPORDEN;29241;29
SAINT-COULITZ;29243;29
SAINT-DERRIEN;29244;29
SAINT-DIVY;29245;29
SAINT-ELOY;29246;29
SAINT-EVARZEC;29247;29
SAINT-FREGANT;29248;29
SAINT-GOAZEC;29249;29
SAINT-HERNIN;29250;29
SAINT-JEAN-DU-DOIGT;29251;29
SAINT-JEAN-TROLIMON;29252;29
SAINT-MARTIN-DES-CHAMPS;29254;29
SAINT-MEEN;29255;29
SAINT-NIC;29256;29
SAINT-PABU;29257;29
SAINT-POL-DE-LEON;29259;29
SAINT-RENAN;29260;29
SAINT-RIVOAL;29261;29
SAINT-SAUVEUR;29262;29
SAINT-SEGAL;29263;29
SAINT-SERVAIS;29264;29
SAINTE-SEVE;29265;29
SAINT-THEGONNEC LOC-EGUINER;29266;29
SAINT-THOIS;29267;29
SAINT-THONAN;29268;29
SAINT-THURIEN;29269;29
SAINT-URBAIN;29270;29
SAINT-VOUGAY;29271;29
SAINT-YVI;29272;29
SANTEC;29273;29
SCAER;29274;29
SCRIGNAC;29275;29
SIBIRIL;29276;29
SIZUN;29277;29
SPEZET;29278;29
TAULE;29279;29
TELGRUC-SUR-MER;29280;29
TOURCH;29281;29
TREBABU;29282;29
TREFFIAGAT;29284;29
TREFLAOUENAN;29285;29
TREFLEVENEZ;29286;29
TREFLEZ;29287;29
TREGARANTEC;29288;29
TREGARVAN;29289;29
TREGLONOU;29290;29
TREGOUREZ;29291;29
TREGUENNEC;29292;29
TREGUNC;29293;29
LE TREHOU;29294;29
TREMAOUEZAN;29295;29
TREMEOC;29296;29
TREMEVEN;29297;29
TREOGAT;29298;29
TREOUERGAT;29299;29
LE TREVOUX;29300;29
TREZILIDE;29301;29
PONT-DE-BUIS-LES-QUIMERCH;29302;29
ACIGNE;35001;35
AMANLIS;35002;35
ANDOUILLE-NEUVILLE;35003;35
VAL-COUESNON;35004;35
ARBRISSEL;35005;35
ARGENTRE-DU-PLESSIS;35006;35
AUBIGNE;35007;35
AVAILLES-SUR-SEICHE;35008;35
BAGUER-MORVAN;35009;35
BAGUER-PICAN;35010;35
BAIN-DE-BRETAGNE;35012;35
BAINS-SUR-OUST;35013;35
BAIS;35014;35
BALAZE;35015;35
BAULON;35016;35
LA BAUSSAINE;35017;35
LA BAZOUGE-DU-DESERT;35018;35
BAZOUGES-LA-PEROUSE;35019;35
BEAUCE;35021;35
BECHEREL;35022;35
BEDEE;35023;35
BETTON;35024;35
BILLE;35025;35
BLERUAIS;35026;35
BOISGERVILLY;35027;35
BOISTRUDAN;35028;35
BONNEMAIN;35029;35
LA BOSSE-DE-BRETAGNE;35030;35
LA BOUEXIERE;35031;35
BOURGBARRE;35032;35
BOURG-DES-COMPTES;35033;35
LA BOUSSAC;35034;35
BOVEL;35035;35
BREAL-SOUS-MONTFORT;35037;35
BREAL-SOUS-VITRE;35038;35
BRECE;35039;35
BRETEIL;35040;35
BRIE;35041;35
BRIELLES;35042;35
BROUALAN;35044;35
BRUC-SUR-AFF;35045;35
LES BRULAIS;35046;35
BRUZ;35047;35
CANCALE;35049;35
CARDROC;35050;35
CESSON-SEVIGNE;35051;35
CHAMPEAUX;35052;35
CHANTELOUP;35054;35
CHANTEPIE;35055;35
LA CHAPELLE-AUX-FILTZMEENS;35056;35
LA CHAPELLE-BOUEXIC;35057;35
LA CHAPELLE-CHAUSSEE;35058;35
LA CHAPELLE-DES-FOUGERETZ;35059;35
LA CHAPELLE DU LOU DU LAC;35060;35
LA CHAPELLE-ERBREE;35061;35
LA CHAPELLE-JANSON;35062;35
LA CHAPELLE-SAINT-AUBERT;35063;35
LA CHAPELLE-DE-BRAIN;35064;35
LA CHAPELLE-THOUARAULT;35065;35
CHARTRES-DE-BRETAGNE;35066;35
CHASNE-SUR-ILLET;35067;35
CHATEAUBOURG;35068;35
CHATEAUGIRON;35069;35
CHATEAUNEUF-D'ILLE-ET-VILAINE;35070;35
LE CHATELLIER;35071;35
CHATILLON-EN-VENDELAIS;35072;35
CHAUVIGNE;35075;35
CHAVAGNE;35076;35
CHELUN;35077;35
CHERRUEIX;35078;35
CHEVAIGNE;35079;35
CINTRE;35080;35
CLAYES;35081;35
COESMES;35082;35
COMBLESSAC;35084;35
COMBOURG;35085;35
COMBOURTILLE;35086;35
CORNILLE;35087;35
CORPS-NUDS;35088;35
LA COUYERE;35089;35
CREVIN;35090;35
LE CROUAIS;35091;35
CUGUEN;35092;35
DINARD;35093;35
DINGE;35094;35
DOL-DE-BRETAGNE;35095;35
DOMAGNE;35096;35
DOMALAIN;35097;35
LA DOMINELAIS;35098;35
DOMLOUP;35099;35
DOURDAIN;35101;35
DROUGES;35102;35
EANCE;35103;35
EPINIAC;35104;35
ERBREE;35105;35
ERCE-EN-LAMEE;35106;35
ERCE-PRES-LIFFRE;35107;35
ESSE;35108;35
ETRELLES;35109;35
FEINS;35110;35
LE FERRE;35111;35
FLEURIGNE;35112;35
FORGES-LA-FORET;35114;35
FOUGERES;35115;35
LA FRESNAIS;35116;35
GAEL;35117;35
GAHARD;35118;35
GENNES-SUR-SEICHE;35119;35
GEVEZE;35120;35
GOSNE;35121;35
LA GOUESNIERE;35122;35
GOVEN;35123;35
GRAND-FOUGERAY;35124;35
LA GUERCHE-DE-BRETAGNE;35125;35
GUICHEN;35126;35
GUIGNEN;35127;35
GUIPEL;35128;35
HEDE-BAZOUGES;35130;35
L'HERMITAGE;35131;35
HIREL;35132;35
IFFENDIC;35133;35
LES IFFS;35134;35
IRODOUER;35135;35
JANZE;35136;35
JAVENE;35137;35
LAIGNELET;35138;35
LAILLE;35139;35
LALLEU;35140;35
LANDAVRAN;35141;35
LANDEAN;35142;35
LANDUJAN;35143;35
LANGAN;35144;35
LANGON;35145;35
LANGOUET;35146;35
LANRIGAN;35148;35
LASSY;35149;35
LECOUSSE;35150;35
LIEURON;35151;35
LIFFRE;35152;35
LILLEMER;35153;35
LIVRE-SUR-CHANGEON;35154;35
LOHEAC;35155;35
LONGAULNAY;35156;35
LE LOROUX;35157;35
LOURMAIS;35159;35
LOUTEHEL;35160;35
LOUVIGNE-DE-BAIS;35161;35
LOUVIGNE-DU-DESERT;35162;35
LUITRE-DOMPIERRE;35163;35
MARCILLE-RAOUL;35164;35
MARCILLE-ROBERT;35165;35
MARPIRE;35166;35
MARTIGNE-FERCHAUD;35167;35
VAL D'ANAST;35168;35
MAXENT;35169;35
MECE;35170;35
MEDREAC;35171;35
MEILLAC;35172;35
MELESSE;35173;35
MELLE;35174;35
MERNEL;35175;35
GUIPRY-MESSAC;35176;35
LA MEZIERE;35177;35
MEZIERES-SUR-COUESNON;35178;35
MINIAC-MORVAN;35179;35
MINIAC-SOUS-BECHEREL;35180;35
LE MINIHIC-SUR-RANCE;35181;35
MONDEVERT;35183;35
MONTAUBAN-DE-BRETAGNE;35184;35
MONTAUTOUR;35185;35
MONT-DOL;35186;35
MONTERFIL;35187;35
MONTFORT-SUR-MEU;35188;35
MONTGERMONT;35189;35
MONTHAULT;35190;35
LES PORTES DU COGLAIS;35191;35
MONTREUIL-DES-LANDES;35192;35
MONTREUIL-LE-GAST;35193;35
MONTREUIL-SOUS-PEROUSE;35194;35
MONTREUIL-SUR-ILLE;35195;35
MORDELLES;35196;35
MOUAZE;35197;35
MOULINS;35198;35
MOUSSE;35199;35
MOUTIERS;35200;35
MUEL;35201;35
LA NOE-BLANCHE;35202;35
LA NOUAYE;35203;35
NOUVOITOU;35204;35
NOYAL-SOUS-BAZOUGES;35205;35
NOYAL-CHATILLON-SUR-SEICHE;35206;35
NOYAL-SUR-VILAINE;35207;35
ORGERES;35208;35
PACE;35210;35
PAIMPONT;35211;35
PANCE;35212;35
PARCE;35214;35
PARIGNE;35215;35
PARTHENAY-DE-BRETAGNE;35216;35
LE PERTRE;35217;35
LE PETIT-FOUGERAY;35218;35
PIPRIAC;35219;35
PIRE-CHANCE;35220;35
PLECHATEL;35221;35
PLEINE-FOUGERES;35222;35
PLELAN-LE-GRAND;35223;35
PLERGUER;35224;35
PLESDER;35225;35
PLEUGUENEUC;35226;35
PLEUMELEUC;35227;35
PLEURTUIT;35228;35
POCE-LES-BOIS;35229;35
POILLEY;35230;35
POLIGNE;35231;35
PRINCE;35232;35
QUEBRIAC;35233;35
QUEDILLAC;35234;35
RANNEE;35235;35
REDON;35236;35
RENAC;35237;35
RENNES;35238;35
RETIERS;35239;35
LE RHEU;35240;35
LA RICHARDAIS;35241;35
RIMOU;35242;35
ROMAGNE;35243;35
ROMAZY;35244;35
ROMILLE;35245;35
ROZ-LANDRIEUX;35246;35
ROZ-SUR-COUESNON;35247;35
SAINS;35248;35
SAINTE-ANNE-SUR-VILAINE;35249;35
SAINT-ARMEL;35250;35
SAINT-AUBIN-D'AUBIGNE;35251;35
SAINT-AUBIN-DES-LANDES;35252;35
SAINT-AUBIN-DU-CORMIER;35253;35
SAINT-BENOIT-DES-ONDES;35255;35
SAINT-BRIAC-SUR-MER;35256;35
MAEN ROCH;35257;35
SAINT-BRIEUC-DES-IFFS;35258;35
SAINT-BROLADRE;35259;35
SAINT-CHRISTOPHE-DES-BOIS;35260;35
SAINT-CHRISTOPHE-DE-VALAINS;35261;35
SAINTE-COLOMBE;35262;35
SAINT-COULOMB;35263;35
SAINT-DIDIER;35264;35
SAINT-DOMINEUC;35265;35
SAINT-ERBLON;35266;35
SAINT-GANTON;35268;35
SAINT-GEORGES-DE-GREHAIGNE;35270;35
SAINT-GEORGES-DE-REINTEMBAULT;35271;35
SAINT-GERMAIN-DU-PINEL;35272;35
SAINT-GERMAIN-EN-COGLES;35273;35
SAINT-GERMAIN-SUR-ILLE;35274;35
SAINT-GILLES;35275;35
SAINT-GONDRAN;35276;35
SAINT-GONLAY;35277;35
SAINT-GREGOIRE;35278;35
SAINT-GUINOUX;35279;35
SAINT-HILAIRE-DES-LANDES;35280;35
SAINT-JACQUES-DE-LA-LANDE;35281;35
RIVES-DU-COUESNON;35282;35
SAINT-JEAN-SUR-VILAINE;35283;35
SAINT-JOUAN-DES-GUERETS;35284;35
SAINT-JUST;35285;35
SAINT-LEGER-DES-PRES;35286;35
SAINT-LUNAIRE;35287;35
SAINT-MALO;35288;35
SAINT-MALO-DE-PHILY;35289;35
SAINT-MALON-SUR-MEL;35290;35
SAINT-MARCAN;35291;35
SAINT-MARC-LE-BLANC;35292;35
SAINTE-MARIE;35294;35
SAINT-MAUGAN;35295;35
SAINT-MEDARD-SUR-ILLE;35296;35
SAINT-MEEN-LE-GRAND;35297;35
SAINT-MELOIR-DES-ONDES;35299;35
SAINT-M'HERVE;35300;35
SAINT-ONEN-LA-CHAPELLE;35302;35
SAINT-OUEN-DES-ALLEUX;35304;35
SAINT-PERAN;35305;35
SAINT-PERE-MARC-EN-POULET;35306;35
SAINT-PERN;35307;35
MESNIL-ROC'H;35308;35
SAINT-REMY-DU-PLAIN;35309;35
SAINT-SAUVEUR-DES-LANDES;35310;35
SAINT-SEGLIN;35311;35
SAINT-SENOUX;35312;35
SAINT-SULIAC;35314;35
SAINT-SULPICE-LA-FORET;35315;35
SAINT-SULPICE-DES-LANDES;35316;35
SAINT-SYMPHORIEN;35317;35
SAINT-THUAL;35318;35
SAINT-THURIAL;35319;35
SAINT-UNIAC;35320;35
SAULNIERES;35321;35
LE SEL-DE-BRETAGNE;35322;35
LA SELLE-EN-LUITRE;35324;35
LA SELLE-GUERCHAISE;35325;35
SENS-DE-BRETAGNE;35326;35
SERVON-SUR-VILAINE;35327;35
SIXT-SUR-AFF;35328;35
SOUGEAL;35329;35
TAILLIS;35330;35
TALENSAC;35331;35
TEILLAY;35332;35
LE THEIL-DE-BRETAGNE;35333;35
THORIGNE-FOUILLARD;35334;35
THOURIE;35335;35
LE TIERCENT;35336;35
TINTENIAC;35337;35
TORCE;35338;35
TRANS-LA-FORET;35339;35
TREFFENDEL;35340;35
TREMEHEUC;35342;35
TRESBÅ’UF;35343;35
TREVERIEN;35345;35
TRIMER;35346;35
VAL-D'IZE;35347;35
VERGEAL;35350;35
LE VERGER;35351;35
VERN-SUR-SEICHE;35352;35
VEZIN-LE-COQUET;35353;35
VIEUX-VIEL;35354;35
VIEUX-VY-SUR-COUESNON;35355;35
VIGNOC;35356;35
VILLAMEE;35357;35
LA VILLE-ES-NONAIS;35358;35
VISSEICHE;35359;35
VITRE;35360;35
LE VIVIER-SUR-MER;35361;35
LE TRONCHET;35362;35
PONT-PEAN;35363;35
ALLAIRE;56001;56
AMBON;56002;56
ARRADON;56003;56
ARZAL;56004;56
ARZON;56005;56
AUGAN;56006;56
AURAY;56007;56
BADEN;56008;56
BANGOR;56009;56
BAUD;56010;56
BEGANNE;56011;56
BEIGNON;56012;56
BELZ;56013;56
BERNE;56014;56
BERRIC;56015;56
BIGNAN;56017;56
BILLIERS;56018;56
BILLIO;56019;56
BOHAL;56020;56
BRANDERION;56021;56
BRANDIVY;56022;56
BRECH;56023;56
BREHAN;56024;56
BRIGNAC;56025;56
BUBRY;56026;56
BULEON;56027;56
CADEN;56028;56
CALAN;56029;56
CAMOEL;56030;56
CAMORS;56031;56
CAMPENEAC;56032;56
CARENTOIR;56033;56
CARNAC;56034;56
CARO;56035;56
CAUDAN;56036;56
LA CHAPELLE-NEUVE;56039;56
CLEGUER;56040;56
CLEGUEREC;56041;56
COLPO;56042;56
CONCORET;56043;56
COURNON;56044;56
LE COURS;56045;56
CRACH;56046;56
CREDIN;56047;56
LE CROISTY;56048;56
LA CROIX-HELLEAN;56050;56
CRUGUEL;56051;56
DAMGAN;56052;56
ELVEN;56053;56
ERDEVEN;56054;56
ETEL;56055;56
EVRIGUET;56056;56
LE FAOUET;56057;56
FEREL;56058;56
LES FOUGERETS;56060;56
LA GACILLY;56061;56
GAVRES;56062;56
GESTEL;56063;56
GOURHEL;56065;56
GOURIN;56066;56
GRAND-CHAMP;56067;56
LA GREE-SAINT-LAURENT;56068;56
GROIX;56069;56
GUEGON;56070;56
GUEHENNO;56071;56
GUELTAS;56072;56
GUEMENE-SUR-SCORFF;56073;56
GUENIN;56074;56
GUER;56075;56
GUERN;56076;56
LE GUERNO;56077;56
GUIDEL;56078;56
GUILLAC;56079;56
GUILLIERS;56080;56
GUISCRIFF;56081;56
HELLEAN;56082;56
HENNEBONT;56083;56
LE HEZO;56084;56
HÅ’DIC;56085;56
ILE-D'HOUAT;56086;56
ILE-AUX-MOINES;56087;56
ILE-D'ARZ;56088;56
INGUINIEL;56089;56
INZINZAC-LOCHRIST;56090;56
JOSSELIN;56091;56
KERFOURN;56092;56
KERGRIST;56093;56
KERVIGNAC;56094;56
LANDAUL;56096;56
LANDEVANT;56097;56
LANESTER;56098;56
LANGOELAN;56099;56
LANGONNET;56100;56
LANGUIDIC;56101;56
FORGES DE LANOUEE;56102;56
LANTILLAC;56103;56
LANVAUDAN;56104;56
LANVENEGEN;56105;56
LARMOR-BADEN;56106;56
LARMOR-PLAGE;56107;56
LARRE;56108;56
LAUZACH;56109;56
LIGNOL;56110;56
LIMERZEL;56111;56
LIZIO;56112;56
LOCMALO;56113;56
LOCMARIA;56114;56
LOCMARIA-GRAND-CHAMP;56115;56
LOCMARIAQUER;56116;56
LOCMINE;56117;56
LOCMIQUELIC;56118;56
LOCOAL-MENDON;56119;56
LOCQUELTAS;56120;56
LORIENT;56121;56
LOYAT;56122;56
MALANSAC;56123;56
MALESTROIT;56124;56
MALGUENAC;56125;56
MARZAN;56126;56
MAURON;56127;56
MELRAND;56128;56
MENEAC;56129;56
MERLEVENEZ;56130;56
MESLAN;56131;56
MEUCON;56132;56
MISSIRIAC;56133;56
MOHON;56134;56
MOLAC;56135;56
MONTENEUF;56136;56
MONTERBLANC;56137;56
MONTERTELOT;56139;56
MOREAC;56140;56
MOUSTOIR-AC;56141;56
MUZILLAC;56143;56
EVELLYS;56144;56
NEANT-SUR-YVEL;56145;56
NEULLIAC;56146;56
NIVILLAC;56147;56
NOSTANG;56148;56
NOYAL-MUZILLAC;56149;56
NOYAL-PONTIVY;56151;56
LE PALAIS;56152;56
PEAULE;56153;56
PEILLAC;56154;56
PENESTIN;56155;56
PERSQUEN;56156;56
PLAUDREN;56157;56
PLESCOP;56158;56
PLEUCADEUC;56159;56
PLEUGRIFFET;56160;56
PLOEMEL;56161;56
PLOEMEUR;56162;56
PLOERDUT;56163;56
PLOEREN;56164;56
PLOERMEL;56165;56
PLOUAY;56166;56
PLOUGOUMELEN;56167;56
PLOUHARNEL;56168;56
PLOUHINEC;56169;56
PLOURAY;56170;56
PLUHERLIN;56171;56
PLUMELEC;56172;56
PLUMELIAU-BIEUZY;56173;56
PLUMELIN;56174;56
PLUMERGAT;56175;56
PLUNERET;56176;56
PLUVIGNER;56177;56
PONTIVY;56178;56
PONT-SCORFF;56179;56
PORCARO;56180;56
PORT-LOUIS;56181;56
PRIZIAC;56182;56
QUESTEMBERT;56184;56
QUEVEN;56185;56
QUIBERON;56186;56
QUISTINIC;56188;56
RADENAC;56189;56
REGUINY;56190;56
REMINIAC;56191;56
RIANTEC;56193;56
RIEUX;56194;56
LA ROCHE-BERNARD;56195;56
ROCHEFORT-EN-TERRE;56196;56
VAL D'OUST;56197;56
ROHAN;56198;56
ROUDOUALLEC;56199;56
RUFFIAC;56200;56
LE SAINT;56201;56
SAINT-ABRAHAM;56202;56
SAINT-AIGNAN;56203;56
SAINT-ALLOUESTRE;56204;56
SAINT-ARMEL;56205;56
SAINT-AVE;56206;56
SAINT-BARTHELEMY;56207;56
SAINT-BRIEUC-DE-MAURON;56208;56
SAINTE-BRIGITTE;56209;56
SAINT-CARADEC-TREGOMEL;56210;56
SAINT-CONGARD;56211;56
SAINT-DOLAY;56212;56
SAINT-GERAND-CROIXANVEC;56213;56
SAINT-GILDAS-DE-RHUYS;56214;56
SAINT-GONNERY;56215;56
SAINT-GORGON;56216;56
SAINT-GRAVE;56218;56
SAINT-GUYOMARD;56219;56
SAINTE-HELENE;56220;56
SAINT-JACUT-LES-PINS;56221;56
SAINT-JEAN-BREVELAY;56222;56
SAINT-JEAN-LA-POTERIE;56223;56
SAINT-LAURENT-SUR-OUST;56224;56
SAINT-LERY;56225;56
SAINT-MALO-DE-BEIGNON;56226;56
SAINT-MALO-DES-TROIS-FONTAINES;56227;56
SAINT-MARCEL;56228;56
SAINT-MARTIN-SUR-OUST;56229;56
SAINT-NICOLAS-DU-TERTRE;56230;56
SAINT-NOLFF;56231;56
SAINT-PERREUX;56232;56
SAINT-PHILIBERT;56233;56
SAINT-PIERRE-QUIBERON;56234;56
SAINT-SERVANT;56236;56
SAINT-THURIAU;56237;56
SAINT-TUGDUAL;56238;56
SAINT-VINCENT-SUR-OUST;56239;56
SARZEAU;56240;56
SAUZON;56241;56
SEGLIEN;56242;56
SENE;56243;56
SERENT;56244;56
SILFIAC;56245;56
LE SOURN;56246;56
SULNIAC;56247;56
SURZUR;56248;56
TAUPONT;56249;56
THEHILLAC;56250;56
THEIX-NOYALO;56251;56
LE TOUR-DU-PARC;56252;56
TREAL;56253;56
TREDION;56254;56
TREFFLEAN;56255;56
TREHORENTEUC;56256;56
LA TRINITE-PORHOET;56257;56
LA TRINITE-SUR-MER;56258;56
LA TRINITE-SURZUR;56259;56
VANNES;56260;56
LA VRAIE-CROIX;56261;56
LE BONO;56262;56
SAINTE-ANNE-D'AURAY;56263;56
KERNASCLEDEN;56264;56
